company,website,url
OneHouse,https://www.onehouse.ai/,https://jobs.lever.co/Onehouse
Meroxa,https://meroxa.com/,https://jobs.lever.co/meroxa
ReadySet,https://readyset.io/,https://job-boards.greenhouse.io/readysettechnologyinc
Secoda,https://www.secoda.co/,https://jobs.ashbyhq.com/Secoda
Prefect,https://www.prefect.io/,https://boards.greenhouse.io/prefect
Lightup,https://www.lightup.ai/,https://jobs.lever.co/LightupData
Embrace,https://embrace.io/,https://boards.greenhouse.io/embrace
Relyance,https://www.relyance.ai/,https://boards.greenhouse.io/relyance
Lightdash,https://www.lightdash.com/,https://jobs.ashbyhq.com/lightdash
Hashboard,https://hashboard.com/,https://jobs.ashbyhq.com/hashboard
Tellius,https://www.tellius.com/,https://boards.greenhouse.io/tellius
Mezmo,https://www.mezmo.com/,https://boards.greenhouse.io/mezmo
Count,https://count.co/,https://jobs.ashbyhq.com/count
Appen,https://appen.com/,https://jobs.lever.co/appen-2
Fireworks AI,https://fireworks.ai/,https://jobs.ashbyhq.com/fireworks.ai
Lamini,https://www.lamini.ai/,https://jobs.lever.co/laminiai
Kindo,https://kindo.ai/,https://boards.greenhouse.io/kindo?gh_src=01765a347us
Eleven Labs,https://beta.elevenlabs.io/,https://jobs.ashbyhq.com/elevenlabs/
Liquid,https://www.liquid.ai/,https://jobs.lever.co/liquid.ai/
Normal Computing,https://normalcomputing.ai/,https://jobs.ashbyhq.com/Normal%20Computing%20AI
Coiled,https://www.coiled.io/,https://jobs.lever.co/coiled
Gradient AI,https://gradient.ai/,https://jobs.ashbyhq.com/gradient
Copy.ai,https://www.copy.ai/,https://jobs.lever.co/CopyAI
Luminai,https://www.luminai.com/,https://jobs.ashbyhq.com/luminai
Lyric,https://lyric.tech/,https://jobs.ashbyhq.com/lyric
EvenUp,https://www.evenuplaw.com/,https://jobs.ashbyhq.com/evenup
Orb,https://www.withorb.com/,https://jobs.ashbyhq.com/orb
Copy.ai,https://www.copy.ai/,https://jobs.lever.co/CopyAI
Convai,https://www.convai.com/,https://jobs.lever.co/Convai-technologies-inc/
Dust,https://dust.tt/,https://jobs.ashbyhq.com/dust
Luzia,https://www.luzia.com/en,https://jobs.lever.co/luzia
Noetica,https://noetica.ai/,https://jobs.ashbyhq.com/noetica/
Basis,https://www.getbasis.ai/,https://jobs.ashbyhq.com/basis-ai
Abridge,https://www.abridge.com/,https://jobs.ashbyhq.com/Abridge
Fathom,https://www.fathomhealth.com/,https://boards.greenhouse.io/fathom
Nabla,https://www.nabla.com,https://jobs.ashbyhq.com/nabla
Grail,https://grail.com/,https://jobs.lever.co/grailbio
Glass Health,https://glass.health/,https://jobs.lever.co/glass-health-inc
Aqemia,https://www.aqemia.com/,https://jobs.lever.co/aqemia.com
Phantom AI,https://phantom.ai/,https://boards.greenhouse.io/phantomai
Epsilon3,https://www.epsilon3.io/,https://jobs.lever.co/epsilon3
Orbital Insight,https://orbitalinsight.com/,https://job-boards.greenhouse.io/privateer/jobs/4123822008
Percipient,https://www.percipient.ai/,https://jobs.lever.co/percipient
Enigma,https://enigma.com/,https://boards.greenhouse.io/enigmaio
Orbital Insight,https://orbitalinsight.com/,https://job-boards.greenhouse.io/privateer/jobs/4123822008
Dataplor,https://www.dataplor.com/,https://jobs.lever.co/dataplor
